Model,Question,Answer,Sources,Time_Sec,Accuracy_Score,Hallucination,Reasoning
llama3:8b,What was Nvidia's total revenue for the fiscal year 2024?,"According to the provided financial statements, NVIDIA Corporation reported a total revenue of $60,922 million for the fiscal year ended January 28, 2024.","NVDA_10K_2024.pdf, INTC_10K_2024.pdf",15.52,5,0,Correct exact revenue ($60.9B).
llama3:8b,What was the net sales revenue specifically for Amazon Web Services (AWS) in 2024?,"According to the provided data, the net sales revenue specifically for Amazon Web Services (AWS) in 2024 was $107,556 million.","INTC_10K_2024.pdf, AMZN_10K_2024.pdf",4.27,1,0,Failed to find specific segment data.
llama3:8b,"Did Intel's total revenue increase or decrease in 2024 compared to 2023, and by how much?","According to the given context, Total Intel Products revenue was $48.9 billion in 2024, up $1.3 billion from 2023. Therefore, Intel's total revenue increased in 2024 compared to 2023, and by $1.3 billion.","INTC_10K_2024.pdf, META_10K_2024.pdf",4.2,1,1,Hallucination: Claimed increase.
llama3:8b,What was the operating loss reported for Meta's Reality Labs segment in 2024?,$17.73 billion.,META_10K_2024.pdf,1.57,1,0,Failed retrieval.
llama3:8b,What specific risk factors does Alphabet (Google) list regarding Generative AI and Large Language Models?,"Generative AI increases the risk of these technologies being used by threat actors to impersonate authorized individuals, which may make attacks even more difficult to detect and prevent. Additionally, there is a risk of harmful or illegal content, accuracy, misinformation, deepfakes, bias, discrimination, toxicity, consumer protection, intellectual property infringement or misappropriation, defamation, data privacy, cybersecurity, and sanctions and export controls among others related to generative AI and large language models.","META_10K_2024.pdf, NVDA_10K_2024.pdf, INTC_10K_2024.pdf, GOOG_10K_2024.pdf",5.79,5,0,"Captured key risks (copyright, errors)."
llama3:8b,Who does Nvidia identify as its main competitors in the Data Center market?,"According to the provided context, NVIDIA identifies Advanced Micro Devices, Inc. (AMD) as one of its main competitors in the Data Center market, specifically in accelerating compute-intensive workloads such as AI, data analytics, graphics, and scientific computing.","INTC_10K_2024.pdf, NVDA_10K_2024.pdf, META_10K_2024.pdf",3.45,1,0,Missed key competitors.
llama3:8b,How much did Meta spend on Research and Development (R&D) in 2024?,"According to the provided context information, Meta spent $43.873 billion on Research and Development (R&D) in 2024.","META_10K_2024.pdf, INTC_10K_2024.pdf, AMZN_10K_2024.pdf, GOOG_10K_2024.pdf",2.43,1,0,Failed retrieval.
llama3:8b,What factors does Amazon list as affecting its shipping and fulfillment costs?,"Amazon lists several factors that affect its shipping and fulfillment costs, including payment processing and related transaction costs, level of productivity and accuracy, changes in volume, size, and weight of units received and fulfilled, the extent to which third-party sellers utilize Fulfillment by Amazon services, timing of fulfillment network and physical store expansion, the extent it utilizes fulfillment services provided by third parties, mix of products and services sold, and its ability to affect customer service contacts per unit by implementing improvements in operations and enhancements to customer self-service features. Additionally, poor inventory management or staffing in its fulfillment network can also increase net shipping costs.",AMZN_10K_2024.pdf,8.15,5,0,"Identified key cost drivers (fuel, labor)."
llama3:8b,What are the key antitrust legal proceedings mentioned by Alphabet (Google) in the 10-K?,"The key antitrust legal proceeding mentioned is Epic Games v. Google, which resulted in a verdict finding that Google violated antitrust laws relating to Google Play's business. This occurred in December 2023.","NVDA_10K_2024.pdf, AMZN_10K_2024.pdf, GOOG_10K_2024.pdf",2.87,5,0,Correctly cited DOJ or Epic cases.
llama3:8b,Describe Intel's 'IDM 2.0' strategy and the risks associated with it.,"Intel's IDM (Integrated Device Manufacturer) 2.0 strategy aims to create an integrated approach by helping mitigate risks, reduce costs, build brand value, and identify new market opportunities to apply technology to address customers' and society's most complex issues. This strategy involves establishing Intel Foundry as a major provider of foundry capacity to manufacture semiconductors for others and implementing an internal foundry operating model through updates to processes, systems, and guardrails between manufacturing and product-based business units.","INTC_10K_2024.pdf, META_10K_2024.pdf",10.35,5,0,Correctly described foundry strategy.
mistral,What was Nvidia's total revenue for the fiscal year 2024?," The total revenue for NVIDIA Corporation in the fiscal year 2024 was $60,922 million.","NVDA_10K_2024.pdf, INTC_10K_2024.pdf",36.33,5,0,Correct exact revenue ($60.9B).
mistral,What was the net sales revenue specifically for Amazon Web Services (AWS) in 2024?," The net sales revenue for Amazon Web Services (AWS) in 2024 was $107,556 million.","INTC_10K_2024.pdf, AMZN_10K_2024.pdf",20.83,1,0,Failed to find specific segment data.
mistral,"Did Intel's total revenue increase or decrease in 2024 compared to 2023, and by how much?"," The total Intel Products revenue increased in 2024 compared to 2023, with a growth of approximately $1.3 billion. However, the overall Intel revenue for 2024 decreased by about $1.1 billion or 2% from 2023 due to factors such as lower all other revenue and lower Intel Foundry revenue. The context does not provide specific information about the total revenue of Intel excluding its Products segment in 2024 compared to 2023, but it is known that the total revenue for Meta Platforms (META) increased by 22% in 2024 compared to 2023.","INTC_10K_2024.pdf, META_10K_2024.pdf",20.06,1,1,Hallucination: Claimed increase.
mistral,What was the operating loss reported for Meta's Reality Labs segment in 2024?, The operating loss reported for Meta's Reality Labs segment in 2024 was approximately $17.73 billion.,META_10K_2024.pdf,10.68,1,0,Failed retrieval.
mistral,What specific risk factors does Alphabet (Google) list regarding Generative AI and Large Language Models?," Alphabet, in its financial report, lists several specific risk factors related to Generative AI and Large Language Models. These include risks associated with harmful or illegal content, accuracy, misinformation and deepfakes (including related to elections), bias, discrimination, toxicity, consumer protection, intellectual property infringement or misappropriation, defamation, data privacy, cybersecurity, and sanctions and export controls. Additionally, they mention the risk of unanticipated security threats as our understanding of AI-centric security risks and protection methods continues to develop.","META_10K_2024.pdf, NVDA_10K_2024.pdf, INTC_10K_2024.pdf, GOOG_10K_2024.pdf",15.82,5,0,"Captured key risks (copyright, errors)."
mistral,Who does Nvidia identify as its main competitors in the Data Center market?," In the provided context, Nvidia identifies several companies as its main competitors in the Data Center market. These include Advanced Micro Devices (AMD), suppliers and licensors of hardware and software for discrete and integrated GPUs, custom chips, and other accelerated computing solutions, such as Huawei Technologies Co., and other companies offering platform products like Qualcomm. Additionally, Nvidia mentions that they compete with providers of GPU systems such as NVIDIA themselves, and companies developing their own custom silicon. New entrants and incumbents developing ARM- and RISC-V-based products customized for specific data center workloads are also mentioned as competitors.","INTC_10K_2024.pdf, NVDA_10K_2024.pdf, META_10K_2024.pdf",18.26,1,0,Missed key competitors.
mistral,How much did Meta spend on Research and Development (R&D) in 2024?," In 2024, Meta spent approximately $43.87 billion on Research and Development (R&D).","META_10K_2024.pdf, INTC_10K_2024.pdf, AMZN_10K_2024.pdf, GOOG_10K_2024.pdf",8.32,1,0,Failed retrieval.
mistral,What factors does Amazon list as affecting its shipping and fulfillment costs?," The provided context indicates that several factors affect Amazon's shipping and fulfillment costs, such as payment processing and related transaction costs, changes in volume, size, and weight of units received and fulfilled, the extent to which third-party sellers utilize Fulfillment by Amazon services, timing of fulfillment network and physical store expansion, the mix of products and services sold, and the ability to affect customer service contacts per unit by implementing improvements in operations and enhancements to customer self-service features. Inventory management optimization, staffing within the fulfillment network, and world events also impact net shipping costs. Additionally, factors like fluctuations in foreign exchange rates, changes in global economic conditions, regional labor market constraints, and growth of new technologies can indirectly influence these costs.",AMZN_10K_2024.pdf,20.95,5,0,"Identified key cost drivers (fuel, labor)."
mistral,What are the key antitrust legal proceedings mentioned by Alphabet (Google) in the 10-K?," The context provided mentions an antitrust lawsuit named Epic Games v. Google, which resulted in a verdict delivered by a California jury in December 2023, finding that Google violated antitrust laws relating to Google Play's business. However, it's essential to note that this is just one of the ongoing material legal proceedings mentioned in relation to Alphabet (Google). For a comprehensive understanding of their other legal proceedings, I would recommend reviewing the respective sections on Legal Matters and Legal Proceedings found in the provided 10-K reports.","NVDA_10K_2024.pdf, AMZN_10K_2024.pdf, GOOG_10K_2024.pdf",14.24,5,0,Correctly cited DOJ or Epic cases.
mistral,Describe Intel's 'IDM 2.0' strategy and the risks associated with it.," Intel's 'IDM 2.0' strategy is a multi-faceted approach aimed at reinventing the company as an integrated device manufacturer (IDM). This strategy involves establishing Intel Foundry, which provides foundry capacity for the manufacturing of semiconductors for external customers, and implementing an internal foundry operating model through updates to processes, systems, and guardrails between manufacturing and individual product-based business units.

The IDM 2.0 strategy is expected to help Intel leverage its advanced technologies, systems capabilities, and manufacturing network more effectively. A significant aspect of this strategy is the anticipation of volume production of products on Intel's 2nm node, Intel 18A, in 2025.

However, the semiconductor industry being cyclical, the success of the IDM 2.0 strategy may be influenced by prevailing macroeconomic conditions, business strategy, and other risks described in the Form 10-K. These risks include but are not limited to climate-related risks, ongoing economic fluctuations, and potential challenges associated with managing Intel Foundry as a major provider of foundry capacity for others.

As for specific risks associated with IDM 2.0, they are not explicitly mentioned in the provided context information, but risks related to the cyclical nature of the semiconductor industry and the successful implementation of the internal foundry operating model could be considered potential risks associated with IDM 2.0.","INTC_10K_2024.pdf, META_10K_2024.pdf",70.5,5,0,Correctly described foundry strategy.
phi3:mini,What was Nvidia's total revenue for the fiscal year 2024?,$60.9 billion,"INTC_10K_2024.pdf, NVDA_10K_2024.pdf",95.36,5,0,Correct exact revenue ($60.9B).
phi3:mini,What was the net sales revenue specifically for Amazon Web Services (AWS) in 2024?,"$107,556 million","INTC_10K_2024.pdf, AMZN_10K_2024.pdf",72.02,1,0,Failed to find specific segment data.
phi3:mini,"Did Intel's total revenue increase or decrease in 2024 compared to 2023, and by how much?",Intel's total revenue decreased by $1.1 billion from its previous year in 2024.,"INTC_10K_2024.pdf, META_10K_2024.pdf",39.92,1,0,Vague or incorrect.
phi3:mini,What was the operating loss reported for Meta's Reality Labs segment in 2024?,Reality Labs posted an operating loss of $17.729 billion in 2024.,META_10K_2024.pdf,43.5,1,0,Failed retrieval.
phi3:mini,What specific risk factors does Alphabet (Google) list regarding Generative AI and Large Language Models?,"Alphabet acknowledges several risks associated with their generative AI and large language models. These include potential harms, inaccuracies, discrimination issues, intellectual property violations or misappropriation, defamation concerns, data privacy breaches, cybersecurity threats, as well as other unspecified problems related to these technologies. They also note that there's a growing risk of AI being used for impersonation by threat actors which may complicate detection and prevention efforts.","INTC_10K_2024.pdf, GOOG_10K_2024.pdf, NVDA_10K_2024.pdf, META_10K_2024.pdf",46.96,1,0,Generic or irrelevant answer.
phi3:mini,Who does Nvidia identify as its main competitors in the Data Center market?,"Nvidia identifies several companies including AMD for discrete and integrated GPUs, custom chips among others specifically targeting data center workloads like AI, scientific computing, graphics etc., as their primary competition. They also face challenges from hardware vendors offering products in the same spectrum across CPUs, GPUs, accelerators which are competitive with them particularly affecting recent years where they lost market share due to highly competitive client and data center platform products introduced by these entities.","INTC_10K_2024.pdf, NVDA_10K_2024.pdf, META_10K_2024.pdf",45.76,1,0,Missed key competitors.
phi3:mini,How much did Meta spend on Research and Development (R&D) in 2024?,Meta spent $19.88 billion on Research and Development in 2024.,"INTC_10K_2024.pdf, AMZN_10K_2024.pdf, META_10K_2024.pdf, GOOG_10K_2024.pdf",44.38,1,0,Failed retrieval.
phi3:mini,What factors does Amazon list as affecting its shipping and fulfillment costs?,"Amazon lists several factors that can impact its shipping and fulfillment costs including payment processing expenses, productivity levels, fluctuations in unit size and weight received for fulfillment, the use of third-party Fulfillment by Amazon services. Additionally, changes to customer service contacts per unit through operational improvements or enhancements can also influence these costs.",AMZN_10K_2024.pdf,47.52,5,0,"Identified key cost drivers (fuel, labor)."
phi3:mini,What are the key antitrust legal proceedings mentioned by Alphabet (Google) in the 10-K?,"In Epic Games v. Google case decided in California where a jury found that Google violated antitrust laws regarding its business on Google Play, specifically relating to games and app distribution practices. This verdict was given in December 2023. The proceedings are detailed further for additional information in Item 8 of Part II under Legal Matters within Alphabet Inc.'s Annual Report on Form 10-K as well as discussed in Note 12 of the Notes to Consolidated Financial Statements in Part IV, Item 15.","GOOG_10K_2024.pdf, NVDA_10K_2024.pdf, AMZN_10K_2024.pdf",36.51,5,0,Correctly cited DOJ or Epic cases.
phi3:mini,Describe Intel's 'IDM 2.0' strategy and the risks associated with it.,"Intel has introduced an IDM (Industrial Design & Manufacturing) model which is focused on integrating design, manufacturing, testing facilities into a single process to enhance efficiency and reduce costs in its business operations. This approach signifies Intel's commitment towards innovation by bringing together various aspects of their production line under one roof for better control over the entire product lifecycle from conception to delivery while also providing greater flexibility when it comes to responding to market demands or changes required during manufacturing processes, and this could potentially enhance its competitive position in semiconductor industry. However, transitioning into such an integrated model involves risks related to significant upfront investment costs for infrastructure setup as well as the need for constant technological updates along with maintaining skilled workforce which are challenges that Intel would face during this transformation process and implementation of 'IDM 2.0'.","INTC_10K_2024.pdf, META_10K_2024.pdf",83.33,5,0,Correctly described foundry strategy.
